1602421584150 ,陶瓷大理石紋筆筒,home,350,https://shoplineimg.com/55d3ecabe37ec6fbbf00003f/5d53cfeb775b360020c8e044/800x.webp?source_format=jpg,不敗的大理石紋，<br>再加上金邊的點綴，<br>還可以當作小物件的收納筒或是小花瓶，<br>都超有質感~~~,
1602421578148 ,寬金邊大理石橢圓盤,cook,235,https://shoplineimg.com/55d3ecabe37ec6fbbf00003f/5b75493b9bcfa8000e627004/800x.webp?source_format=jpg,亮麗的寬金邊，<br>配上優雅的大理石紋，<br>無論是擺上首飾或放上餐點，<br>都是一幅典雅又文青的畫面。,
1602421575247 ,理石紋玻璃掛鐘,home,599,https://shoplineimg.com/55d3ecabe37ec6fbbf00003f/5c04f0bc16c7b3001535cc88/800x.webp?source_format=jpg,優雅簡練的大理石紋玻璃時鐘，<br>在陽光的照射下通透美麗~<br>金色指針以及細細的時刻線相互輝映，<br>靜音掃秒，時光流逝於無形，<br>提醒自己把握屬每分每秒的美好時光！,
1602421569145 ,大理石陶瓷收納盤,home,235,https://shoplineimg.com/55d3ecabe37ec6fbbf00003f/5f585133c3a0cc002d92121e/800x.webp?source_format=jpg,收納飾品們或是當擺件布置，<br>怎麼可以少得了大理石紋路的商品呢，<br>超有質感!<br>跟飾品搭配起來超唯美!,
1602421563143 ,水墨雲石棉麻收納籃,home,299,https://shoplineimg.com/55d3ecabe37ec6fbbf00003f/5cad69eda052d6002c1dc539/800x.webp?source_format=jpg,經典大理石紋理，搭配簡約燙金文字<br>濃濃北歐風格味道<br>棉麻材質，可當髒衣籃、儲物籃,
1602421572146 ,大理石紋電動牙刷架,home,690,https://shoplineimg.com/55d3ecabe37ec6fbbf00003f/5d71e65b88906f001daf832c/800x.webp?source_format=jpg,簡約時尚的大理石紋設計，<br>搭配上精湛陶瓷工藝，<br>讓電動牙刷更容易放置，<br>怎麼能錯過那麼美的電動牙刷架!!,
1602421566144 ,大理石花磚貼,home,350,https://shoplineimg.com/55d3ecabe37ec6fbbf00003f/5b1a39878d1db9936d003316/800x.webp?source_format=jpg,現在不必花大錢，<br>也能用大理石進行居家大改造！<br>大理石花磚貼方便快速，<br>一秒佈置廚房、浴室，<br>居家風格瞬間上一個檔次！,
1602421581149 ,大理石紋金屬伸縮書架,home,700,https://shoplineimg.com/55d3ecabe37ec6fbbf00003f/5d522988ae8de666760f1c49/800x.webp?source_format=jpg,一般的書架太過普通了嗎?<br>當然連書架都要大理石的!<br>還可以自由伸縮長短，<br>牢固又耐用，<br>給愛書一個有質感的新家吧~,
1601788909121 ,Noodlersink 19020 Cayenne,ink,650,https://noodlersink.com/wp-content/uploads/2019/11/19020-scaled-700x660.jpg,Propertie: 3 oz,10
1601788977140 ,Noodlersink 19001 Black,ink,750,https://noodlersink.com/wp-content/uploads/2019/11/19001-scaled-700x712.jpg,Properties: 3 oz. Archival. Bullet Proof. Forge Resistant. Water Resistant,10
1601788964136 ,Noodlersink 19005 Turquoise,ink,630,https://noodlersink.com/wp-content/uploads/2019/11/19005-scaled-700x671.jpg,Propertie: 3 oz,10
1601788975139 ,Noodlersink 19002 Red,ink,540,https://noodlersink.com/wp-content/uploads/2019/11/19002-scaled-700x707.jpg,Propertie: 3 oz,10
1601788961135 ,Noodlersink 19006 Midnight Blue,ink,500,https://noodlersink.com/wp-content/uploads/2019/11/19006-scaled-700x659.jpg,Propertie: 3 oz,10
1601788920124 ,Noodlersink 19017 Standard Brown,ink,600,https://noodlersink.com/wp-content/uploads/2019/11/19017-scaled-700x664.jpg,Properties: 3 oz. Bullet Proof. Forge Resistant. Water Resistant,10
1601788873111 ,Noodlersink 19030 La Couleur Royale,ink,550,https://noodlersink.com/wp-content/uploads/2019/11/19030-700x652.jpg,Propertie: 3 oz,10
1601788876112 ,Noodlersink 19029 Navajo Turquoise,ink,650,https://noodlersink.com/wp-content/uploads/2019/11/19029-scaled-700x698.jpg,Propertie: 3 oz,10
160178884714 ,Noodlersink 19037 Black Swan in English Roses,ink,550,https://noodlersink.com/wp-content/uploads/2019/11/19037-700x669.jpg,Propertie: 3 oz,10
1601788905120 ,Noodlersink 19021 Habanero,ink,650,https://noodlersink.com/wp-content/uploads/2019/11/19021-scaled-700x659.jpg,Propertie: 3 oz,10
1601788887115 ,Noodlersink 19026 Nightshade,ink,750,https://noodlersink.com/wp-content/uploads/2019/11/19026-scaled-700x671.jpg,Propertie: 3 oz,10
1601788935128 ,Noodlersink 19013 Antietam,ink,500,https://noodlersink.com/wp-content/uploads/2019/11/19013-scaled-700x662.jpg,Propertie: 3 oz,10
1601788916123 ,Noodlersink 19018 Walnut,ink,650,https://noodlersink.com/wp-content/uploads/2019/11/19018-scaled-700x672.jpg,Properties: 3 oz. Bullet Proof. Forge Resistant. Water Resistant,10
1601788972138 ,Noodlersink 19003 Blue,ink,750,https://noodlersink.com/wp-content/uploads/2019/11/19003-scaled-700x671.jpg,Propertie: 3 oz,10
1601788895117 ,Noodlersink 19024 Beaver,ink,630,https://noodlersink.com/wp-content/uploads/2019/11/19024-scaled-700x660.jpg,Propertie: 3 oz,10
160178884012 ,Noodlersink 19039 Green Marine,ink,540,https://noodlersink.com/wp-content/uploads/2019/11/19039-700x703.jpg,Properties: 3 oz. Bullet Proof. Forge Resistant. Water Resistant,10
1601788884114 ,Noodlersink 19027 Zhivago,ink,500,https://noodlersink.com/wp-content/uploads/2019/11/19027-scaled-700x654.jpg,Properties: 3 oz. Bullet Proof. Forge Resistant. Water Resistant,10
1601788898118 ,Noodlersink 19023 Squeteague,ink,500,https://noodlersink.com/wp-content/uploads/2019/11/19023-scaled-700x662.jpg,Propertie: 3 oz,10
1601788891116 ,TWSBI 三文堂 DIAMOND ＃580AL 陽極翡翠綠,pen,1800,https://www.tylee.tw/image/catalog/product-2017/2019/01/IMG_0982%202.jpg,三文堂鑽石580是一支活塞上墨鋼筆。<br><br>採用活塞上墨方式，所有零件均可重複拆裝，<br><br>方便進行保養維修，最重要的是一支性價比高的鋼筆。<br><br>全新鋁合金握位＆活塞機構，質感提升。,10
160178883411 ,TWSBI 三文堂 DIAMOND ＃580AL R 鋁合金版透明活塞鋼筆  (溫莎藍),pen,1800,https://www.tylee.tw/image/catalog/product-image/2020/05/28/4XswUA0eL5eNnkOx5orMH8tSyQaxn9O9lg.jpg,三文堂鑽石580 AL R是一支活塞上墨鋼筆。<br><br>採用活塞上墨方式，所有零件均可重複拆裝，<br><br>方便進行保養維修，最重要的是一支CP值高的鋼筆。,10
1601788953133 ,TWSBI 三文堂 DIAMOND MINI 全透明 活塞 鋼筆,pen,1350,https://www.tylee.tw/image/catalog/product-2017/2019/04/IMG_4452.jpg,臺灣自製開發活塞上墨鋼筆<br><br>筆身為高級樹脂<br><br>筆尖採用德國Schmidt尖，書寫流利<br><br>手持穩重手感極佳，書寫時可將筆蓋鎖至筆尾!,10
160178884313 ,PELIKAN 百利金 M205 DUO HIGHLIGHTER SHINY GREEN 螢光綠,pen,3840,https://www.tylee.tw/image/catalog/product-2017/2018/06/IMG_6676.JPG,M205 DUO是一支螢光筆也是活塞入墨的兩用鋼筆 - 故名 Duo <br><br>此款除了普通的筆尖<br><br>另有加寬的不鏽鋼BB筆尖可選<br><br>極具吸引力的禮盒中也同樣包含一瓶特別的亮綠色螢光墨水,10
1601788957134 ,PELIKAN 百利金 CLASSIC M200 SMOKY QUARTZ 煙晶,pen,4200,https://www.tylee.tw/image/catalog/product/20768018_10212360400422791_3129160301359936578_n.jpg,與過往特別版不同:該款200系列煙晶是首款使用金黃色配件裝飾的筆款。<br><br>金黃色箍環、精緻的百利金筆夾和鍍金的不袗筆尖完美地契合棕色的色彩溫度、如煙霧般的色調。<br><br>該款M200系列將提供配備活塞入墨機構的鋼筆。,10
1601788927126 ,PELIKAN 百利金 M600 VIBRANT ORANGE 亮麗橘,pen,12480,https://www.tylee.tw/image/catalog/product-2017/2018/10/IMG_6263.jpg,該新款色彩豐富的系列筆款呈現出秋天所見的色彩轉化的優美。<br><br>該系列筆款明亮的壓克力材料必須經過數道生產步驟才能更準確地捕捉並重新呈現出明亮的樹葉色彩。<br><br>從透明到強烈的橙色色調的細微差異是這個系列筆款的特點，使得書寫工具閃耀迷人。<br><br>閃耀的金色環飾和14K金黃筆尖部分以銠金裝飾，這使得這個系列的色調更加溫暖。,10
1601788939129 ,PELIKAN 百利金 14K金 M600 限量款 TURQUOISE-WHITE 土耳其藍,pen,3680,https://www.tylee.tw/image/catalog/product-2017/2018/04/%202018-3-31%2015%2002%2057.jpg,白色線條使用高品質樹脂先加以切削成型再加以拋光至高亮。<br><br>白色和土耳其藍線條筆桿由醋酸纖維層板製成並精心製作成套筒。<br><br>所有環飾和具代表性的百利金筆夾皆鍍上24K金。<br><br>鋼筆裝配14K雙色金黃筆尖並以銠金裝飾。,5
1601788880113 ,PELIKAN 百利金 CLASSIC M205 2018 OLIVINE 橄欖石綠,pen,3680,https://www.tylee.tw/image/catalog/product-2017/2018/09/2018olivine.jpg,經典205橄欖石綠<br>天然寶石的色彩印象結合了深淺綠色，在一支筆上呈現出的色調變化，令人驚奇，協調完美的呈現出橄欖石綠的效果。<br><br>M205鋼筆的不袗筆尖經過高度拋光呈現出耀眼的銀色。<br><br>依據各別書寫習慣和喜好，筆尖有多種粗細可供選擇。,10
1601788923125 ,PELIKAN 百利金 M400 14K金 鋼筆,pen,10400,https://www.tylee.tw/image/catalog/product-2017/2018/10/IMG_5876.JPG,在80年代，這個系列被命名為Souver?n，<br><br>儘管大多數人習慣上以它的暱稱“施德萊斯曼”來叫它<br><br>因為當時的魏瑪共和國的國務卿以他的線條形的西裝而聞名。,10
160178885416 ,PELIKAN 百利金 M1005 18K 鋼筆 (煤灰色),pen,20000,https://www.tylee.tw/image/catalog/product-2017/2019/01/IMG_1053.jpg,活塞入墨系統鍍以24K純金並由醋酸纖維層板精製而成精美的條紋狀筆身。<br><br>帶有活塞入墨系統的帝王系列的M1000和M800配備的是18K金筆尖，<br><br>所有筆尖書寫品質經由大師手寫測試。,5
1601788913122 ,MONTBLANC 萬寶龍 傳承 埃及狂熱系列 黑色金夾原子筆,pen,14790,https://www.tylee.tw/image/catalog/product-image/2020/10/07/XiANVtjfRMJQYB1IK8I4yTpVAmSDIjojy.jpg,萬寶龍傳承系列埃及熱潮作品禮讚萬寶龍開拓精神。<br><br>作品曲線更纖細修長，經過多個世代歷練的工藝更顯卓越精細，重新詮釋書寫工具。<br><br>這款書寫工具採用八邊形外觀設計，不禁令人聯想起萬寶龍於 1920 年代設計的八邊形書寫工具，其上飾以埃及風格鐫刻：即名為「埃及筆」的特殊圖案。<br><br>書寫工具以黑色珍貴樹脂和鍍鉑金金屬製成，筆蓋綴以埃及象形文字「Montblanc」，筆夾飾有聖甲蟲圖案。,3
1601788931127 ,SAILOR 寫樂 PROFESSIONAL GEAR 14K金 特別款 鋼筆(白色),pen,3100,https://www.tylee.tw/image/catalog/product-2017/2017/12/%202017-12-23%2014%2030%2041.jpg,筆尖種類：14K金尖<br><br>字幅選擇：F(細)、M(中)<br><br>上水方式：吸卡兩用<br><br>筆桿材質：PMMA樹脂,10
160178885817 ,SAILOR 寫樂 PROFESSIONAL GEAR 14K 鋼筆,pen,3100,https://www.tylee.tw/image/catalog/product-2017/2017/12/%202017-12-23%2015%2019%2004.jpg,筆尖種類：14K金尖<br><br>字幅選擇：F(細)、M(中)<br><br>上水方式：吸卡兩用<br><br>筆桿材質：PMMA樹脂,3
1601788942130 , SAILOR 寫樂 PROFIT 蒔繪系列 21K金 鋼筆(赤富士鶴),pen,14150,https://www.tylee.tw/image/catalog/product-2017/2019/06/IMG_9263.JPG,日本傳統工藝<br><br>手工蒔繪筆身<br><br>筆桿材質：樹脂<br><br>筆尖：21K金 M尖,3
160178886519 ,LAMY SAFARI 狩獵系列 2019限定色 PASTEL,pen,780,https://www.tylee.tw/image/catalog/product-2017/2019/05/IMG_7061.jpg,100% 亮面柔和棉花糖馬卡龍色筆桿，<br><br>不袗筆尖，銀色金屬筆夾<br><br>顛覆以往每年只發行單一限量色彩筆款，<br><br>這次Lamy推出彩虹般繽紛柔和的夢幻泡泡馬卡龍色調限量色彩。<br><br><br>清清涼涼的薄荷綠色調，就像讓眼睛吃了冰涼的冰淇淋一般，看了直呼透心涼。,10
160178885115 ,LAMY SAFARI 狩獵系列 2019限定色 PASTEL,pen,780,https://www.tylee.tw/image/catalog/product-2017/2019/05/IMG_7073.jpg,100% 亮面柔和棉花糖馬卡龍色筆桿，<br><br>不袗筆尖，銀色金屬筆夾<br><br>顛覆以往每年只發行單一限量色彩筆款，<br><br>這次Lamy推出彩虹般繽紛柔和的夢幻泡泡馬卡龍色調限量色彩。<br><br><br>清清涼涼的薄荷綠色調，就像讓眼睛吃了冰涼的冰淇淋一般，看了直呼透心涼。,10
1601527638150 ,SAILOR 寫樂 極黑 防水 卡式墨水,ink,170,https://www.tylee.tw/image/catalog/product-2017/2018/11/IMG_7971.jpg,具有防紫外線防水性，每一盒內有12管卡水 （一盒內皆為同色）,10
1601527601135 ,TACCIA 浮世繪系列 歌川廣重 40ML 鋼筆墨水,ink,400,https://www.tylee.tw/image/catalog/product-image/2020/04/01/SRItuYyzg224efp7McCaL5ko2sZ75YYrvN.jpg,浮世繪是日本的一種繪畫藝術形式，因巧妙地與木板活板印刷結合而在江戶時代廣為流行，起源於17世紀，並以18、19世紀的江戶為中心迎來創作與商業上的全盛時期。,10
1601527626145 ,TACCIA LIP COLOR 口紅系列 30ML 鋼筆墨水,ink,350,https://www.tylee.tw/image/catalog/product-2017/2020/02/IMG_9293.jpg,以口紅顏色為主題設計的六款粉色系墨水，讓書寫也可享受挑選化妝品般的怦然心動感受。,10
1601527666162 ,化學博士的手調墨水- KWZ INKS CALLIGRAPHY INK 25ML,ink,400,https://www.tylee.tw/image/catalog/product-2017/2020/01/IMG_8654.jpg,這個世界需要一些瘋子，一些為追求完美而行徑跡近瘋狂的熱情瘋子。<br><br>我們聽過為了追求終極的紫砂壺，而跑到宜興開紫砂作坊的收藏家，<br><br>也看過因為買不到理想音色的吉他，而不惜花費鉅資重頭學習製作吉他的演奏家。<br><br>因此化學家為了追求鋼筆墨色的極致變化，親自動手調製墨水，聽起來也不是太離譜了。<br><br>KWZ Inks正是這樣結合熱情與瘋狂的產物。<br><br>瘋狂的化學家讓鋼筆墨色變得更多采多姿。,10
1601527666178 ,化學博士的手調墨水- KWZ INKS CALLIGRAPHY INK 50ML,ink,630,https://www.tylee.tw/image/catalog/product-2017/2020/01/IMG_8654.jpg,這個世界需要一些瘋子，一些為追求完美而行徑跡近瘋狂的熱情瘋子。<br><br>我們聽過為了追求終極的紫砂壺，而跑到宜興開紫砂作坊的收藏家，<br><br>也看過因為買不到理想音色的吉他，而不惜花費鉅資重頭學習製作吉他的演奏家。<br><br>因此化學家為了追求鋼筆墨色的極致變化，親自動手調製墨水，聽起來也不是太離譜了。<br><br>KWZ Inks正是這樣結合熱情與瘋狂的產物。<br><br>瘋狂的化學家讓鋼筆墨色變得更多采多姿。,10
16015276661611 ,化學博士的手調墨水- KWZ INKS CALLIGRAPHY INK 80ML,ink,800,https://www.tylee.tw/image/catalog/product-2017/2020/01/IMG_8654.jpg,這個世界需要一些瘋子，一些為追求完美而行徑跡近瘋狂的熱情瘋子。<br><br>我們聽過為了追求終極的紫砂壺，而跑到宜興開紫砂作坊的收藏家，<br><br>也看過因為買不到理想音色的吉他，而不惜花費鉅資重頭學習製作吉他的演奏家。<br><br>因此化學家為了追求鋼筆墨色的極致變化，親自動手調製墨水，聽起來也不是太離譜了。<br><br>KWZ Inks正是這樣結合熱情與瘋狂的產物。<br><br>瘋狂的化學家讓鋼筆墨色變得更多采多姿。,10
1601527643152 ,DIAMINE THE INKVENT CALENDAR 耶誕日曆 墨水組,ink,2500,https://www.tylee.tw/image/catalog/product-2017/2019/11/IMG_3931.jpg,Diamine為聖誕佳節進行此耶誕日曆設計，<br><br>每一瓶墨水皆為全新顏色，在其他Diamine任何系列中的無法找到。<br><br>1至24號7ml墨水，25號則是30ml墨水，<br><br>每天開一扇門可得到一瓶意想不到的全新色彩墨水，<br><br>等到所有的小門都被打開，耶誕節就到來了。,10
1601527669163 ,KWZ INKS 鋼筆標準渲染墨水 波蘭風情畫系列 20ML,ink,180,https://www.tylee.tw/image/catalog/product-2017/2020/02/IMG_9145.jpg,KWZ墨水工作室由一對畢業於華沙理工大學化學系的博士夫妻，<br><br>Konrad & Agnieszka ?urawski 於2012年創立。<br><br>因為熱愛鋼筆書寫，且有感於市面上的墨水在顏色選擇，<br><br>飽和度與層次感的展現，無法滿足自己的喜好與要求，<br><br>進而藉由本身的專業，開始動手調製理想的墨水。,10
1601527603136 ,PILOT 百樂 100週年 七福神系列,ink,500,https://www.tylee.tw/image/catalog/product-2017/2019/04/IMG_5658.JPG,創立百周年記念「七福神」系列限定墨水<br><br>七福神是在日本信仰中被認為會帶來福氣、財運的七尊神明，<br><br>七福神以寶船四處遊歷，穿上載滿了財寶和福氣，<br><br>每逢到了新年就會賜贈好運與繁榮給信眾。,10
1601527659159 ,DIAMINE 墨水 150週年 40ML REGENCY BLUE 攝政藍,ink,320,https://www.tylee.tw/image/catalog/product-2017/2018/06/IMG_6254.JPG,Diamine Regency Blue 攝政藍 是Diamine 150週年系列的其中一色，旨在慶祝品牌150週年。<br><br>三角形設計的玻璃瓶裝有40ml的鋼筆墨水。<br><br>收集八個瓶子在一起時可以排列成一個美麗的圓形桌面展示。,10
1601527633148 ,MONTBLANC 萬寶龍 60ML 瓶裝墨水,ink,580,https://www.tylee.tw/image/catalog/product-2017/2019/07/IMG_2115.jpg,德國 Montblanc 萬寶龍 60ml 瓶裝墨水<br><br><br>經典高跟鞋造型墨水瓶,10
1602409902322 ,鬼戒 (日本製),deco,1980,https://shoplineimg.com/57602eee61706923b6223c00/5ad203378d1db94e350048c6/800x.webp?source_format=JPG,這次，讓我們為你帶來古老的東方流行；<br><br>於現代重新復甦，詮釋忍者的神秘。,10
1602409872311 ,【四靈。蒼龍】,deco,3280,https://shoplineimg.com/57602eee61706923b6223c00/5dd54cb3e50dc70015778c7f/800x.webp?source_format=jpg,四象為中華傳統文化代表四方位的<br><br>青龍、白虎、朱雀和玄武，<br><br>古時常被運用於戰場軍列，<br><br>成為打仗時的守護神。,10
1602409897320 ,【戰指套2020】(神宮紫 ),deco,1380,https://shoplineimg.com/57602eee61706923b6223c00/5eec5982547710267574f199/800x.webp?source_format=jpg,大受歡迎的戰指套系列於2020/6月更新<br><br><br><br>此次特別與來自高雄的手工藝職人「長安?拾」合作，<br><br>將原有的戰指套系列更加強化。<br><br><br><br>我們以植鞣皮革做出了更加細膩的質感、並加強了耐用性；<br><br>絕對是您不可或缺的最佳搭配單品。,10
1602409891318 ,【戰指套2020】(火紅赤 ),deco,1380,https://shoplineimg.com/57602eee61706923b6223c00/5eec577edb2a830021f011cd/800x.webp?source_format=jpg,大受歡迎的戰指套系列於2020/6月更新<br><br><br><br>此次特別與來自高雄的手工藝職人「長安?拾」合作，<br><br>將原有的戰指套系列更加強化。<br><br><br><br>我們以植鞣皮革做出了更加細膩的質感、並加強了耐用性；<br><br>絕對是您不可或缺的最佳搭配單品。,10
160240984531 ,【稻荷。銀狐。黑繩】（編織風串珠）,deco,1980,https://shoplineimg.com/57602eee61706923b6223c00/5e24568df3b5af003ce3d692/800x.webp?source_format=jpg,稻荷神擁有農耕神的特質、現今日本商業時代， <br><br>商人們也傳承對狐狸的崇拜。<br><br><br><br>若作物豐收，商業也必然興盛；<br><br>因此傳統日本祭拜稻荷神，<br><br>祈求財運亨通、興旺繁盛。<br>,10
1602409907324 ,【稻荷。黑繩】（金/銀編織風腰包）,deco,1580,https://shoplineimg.com/57602eee61706923b6223c00/5e1ca809ab504200124ba00b/800x.webp?source_format=jpg,稻荷神擁有農耕神的特質、現今日本商業時代， <br><br>商人們也傳承對狐狸的崇拜。<br><br><br><br>若作物豐收，商業也必然興盛；<br><br>因此傳統日本祭拜稻荷神，<br><br>祈求財運亨通、興旺繁盛。<br>,10
160240985635 ,般若。心經 (10MM綠檀版),deco,2180,https://shoplineimg.com/57602eee61706923b6223c00/5d2c94618db9450011ccff99/800x.webp?source_format=jpg,將般若心經全文，刻於手鍊之上。,10
1602409899321 ,【戰指套2020】(武道藍 ),deco,1380,https://shoplineimg.com/57602eee61706923b6223c00/5eec5a6078da50003625d496/800x.webp?source_format=jpg,大受歡迎的戰指套系列於2020/6月更新<br><br><br><br>此次特別與來自高雄的手工藝職人「長安?拾」合作，<br><br>將原有的戰指套系列更加強化。<br><br><br><br>我們以植鞣皮革做出了更加細膩的質感、並加強了耐用性；<br><br>絕對是您不可或缺的最佳搭配單品。,10
160240985133 ,【稻荷。白面者。綠苔】（編織風串珠）,deco,1780,https://shoplineimg.com/57602eee61706923b6223c00/5e245c576abfa32faeed5b43/800x.webp?source_format=jpg,相傳伏見是狐狸的主要出沒地，<br><br>著名的弘法大師空海在伏見尋找道場際 ，<br><br>深入荒山遇到大霧、迷了路，<br><br>繞來繞去怎樣也走不出去。<br><br>正在危急之時，有一隻金色的狐狸突然現身引路，<br><br>將空海大師救離深山。<br><br>而後大師感念、便設立稻荷大社來紀念。,10
160240984832 ,【稻荷。白面者。紫藤】（編織風串珠）,deco,1780,https://shoplineimg.com/57602eee61706923b6223c00/5e245910b48c737b616bf669/800x.webp?source_format=jpg,相傳伏見是狐狸的主要出沒地，<br><br>著名的弘法大師空海在伏見尋找道場際 ，<br><br>深入荒山遇到大霧、迷了路，<br><br>繞來繞去怎樣也走不出去。<br><br>正在危急之時，有一隻金色的狐狸突然現身引路，<br><br>將空海大師救離深山。<br><br>而後大師感念、便設立稻荷大社來紀念。,10
1602409880314 ,【木芥子】(銅),deco,1680,https://shoplineimg.com/57602eee61706923b6223c00/5edcec145dc8e900212124cd/800x.webp?source_format=jpg,是一種源自日本東北地區的人偶，<br><br>是以木頭手工製作，有著簡單的肢幹及刻意放大的頭部；<br><br>據說最早的用途是小朋友玩的木製玩具，<br><br>但也有人說這是作為小朋友的替身除去惡運使用的。,10
1602409886316 ,【戰指套2020】(縫線卡其 ),deco,1580,https://shoplineimg.com/57602eee61706923b6223c00/5eec565010f53e003f2afc15/800x.webp?source_format=jpg,大受歡迎的戰指套系列於2020/6月更新<br><br><br><br>此次特別與來自高雄的手工藝職人「長安?拾」合作，<br><br>將原有的戰指套系列更加強化。<br><br><br><br>我們以植鞣皮革做出了更加細膩的質感、並加強了耐用性；<br><br>絕對是您不可或缺的最佳搭配單品。,10
160240985334 ,【雪松】,deco,1380,https://shoplineimg.com/57602eee61706923b6223c00/5e662daafe56bf000fb69626/800x.webp?source_format=jpg,"是松科雪松屬植物的統稱。<br><br>由於球果形狀相似，與杉樹相似。<br><br>原產於喜馬拉雅山脈海拔1,500－3,200公尺<br><br>和地中海沿岸1,000－2,200公尺的地帶；<br><br>在古埃及曾作為消毒與防腐使用。",10
1602409883315 ,【戰指套2020】(縫線黑 ),deco,1580,https://shoplineimg.com/57602eee61706923b6223c00/5eec53f6547710002a75029b/800x.webp?source_format=jpg,大受歡迎的戰指套系列於2020/6月更新<br><br><br><br>此次特別與來自高雄的手工藝職人「長安?拾」合作，<br><br>將原有的戰指套系列更加強化。<br><br><br><br>我們以植鞣皮革做出了更加細膩的質感、並加強了耐用性；<br><br>絕對是您不可或缺的最佳搭配單品。,10
1602409905323 ,【稻荷。金狐。櫻吹雪】（祝連繩包）,deco,1580,https://shoplineimg.com/57602eee61706923b6223c00/5e1ca163525663002d804fe9/800x.webp?source_format=jpg,相傳伏見是狐狸的主要出沒地，<br><br>著名的弘法大師空海在伏見尋找道場際 ，<br><br>深入荒山遇到大霧、迷了路，<br><br>繞來繞去怎樣也走不出去。<br><br>正在危急之時，有一隻金色的狐狸突然現身引路，<br><br>將空海大師救離深山。<br><br>而後大師感念、便設立稻荷大社來紀念。,10
1602409888317 ,【戰指套2020】(縫線棕 ),deco,1580,https://shoplineimg.com/57602eee61706923b6223c00/5eec56ed512a0a004e83e190/800x.webp?source_format=jpg,大受歡迎的戰指套系列於2020/6月更新<br><br><br><br>此次特別與來自高雄的手工藝職人「長安?拾」合作，<br><br>將原有的戰指套系列更加強化。<br><br><br><br>我們以植鞣皮革做出了更加細膩的質感、並加強了耐用性；<br><br>絕對是您不可或缺的最佳搭配單品。,10
1602409894319 ,【戰指套2020】(草隱綠 ),deco,1380,https://shoplineimg.com/57602eee61706923b6223c00/5eec5893db2a830039f010df/800x.webp?source_format=jpg,大受歡迎的戰指套系列於2020/6月更新<br><br><br><br>此次特別與來自高雄的手工藝職人「長安?拾」合作，<br><br>將原有的戰指套系列更加強化。<br><br><br><br>我們以植鞣皮革做出了更加細膩的質感、並加強了耐用性；<br><br>絕對是您不可或缺的最佳搭配單品。,10
160240986137 ,【祥羽。鳳凰】(尊貴金),deco,2180,https://shoplineimg.com/57602eee61706923b6223c00/5e9ac61c34f9ab003652807f/800x.webp?source_format=jpg,四象為中華傳統文化代表四方位的<br><br>青龍、白虎、朱雀和玄武，<br><br>古時常被運用於戰場軍列，<br><br>成為打仗時的守護神。,10
160240985936 ,般若。心經 (10MM紫檀版),deco,2580,https://shoplineimg.com/57602eee61706923b6223c00/5d2c961c2bcc8c002c57ea4c/800x.webp?source_format=jpg,將般若心經全文，刻於手鍊之上。,10
1602409877313 ,【四靈。朱雀】(火鳳紅),deco,2780,https://shoplineimg.com/57602eee61706923b6223c00/5e9a98f4867318001261ca0d/800x.webp?source_format=jpg,四象為中華傳統文化代表四方位的<br><br>青龍、白虎、朱雀和玄武，<br><br>古時常被運用於戰場軍列，<br><br>成為打仗時的守護神。,10
1602409869310 ,【四靈。玄龜】(金曜黑),deco,3580,https://shoplineimg.com/57602eee61706923b6223c00/5e11d0094c27f0081e88fb4c/800x.webp?source_format=jpg,四象為中華傳統文化代表四方位的<br><br>青龍、白虎、朱雀和玄武，<br><br>古時常被運用於戰場軍列，<br><br>成為打仗時的守護神。,10
1602409875312 ,【四靈。白虎】,deco,3280,https://shoplineimg.com/57602eee61706923b6223c00/5d9cb30adb6990002f360afa/800x.webp?source_format=jpg,四象為中華傳統文化代表四方位的<br><br>青龍、白虎、朱雀和玄武，<br><br>古時常被運用於戰場軍列，<br><br>成為打仗時的守護神。,10
160240986739 ,【鏡舞。青鸞】(幸福青),deco,3280,https://shoplineimg.com/57602eee61706923b6223c00/5e9acaefb84579002a10570b/800x.webp?source_format=jpg,傳說中西王母的使者，<br><br>也常被描述為神仙的坐騎。<br><br>據說西王母降臨前，青鸞總是會先去報信<br><br>，也有一說青鸞是傳遞幸福佳音的使者；<br><br>據說青鸞一生都在尋找同族，<br><br>因此也有「青鸞舞鏡 」的故事。<br><br>相傳古代罽賓王獲得青鸞鳥，<br><br>用盡一切頂級照料卻三年不鳴叫。<br><br>夫人建議<br><br>「聽說鳥類見到同族會鳴叫，何不讓牠照照鏡子呢?」<br><br><br><br>罽賓王於是採納意見，掛上鏡子；<br><br><br><br>但青鸞看到鏡中影子、以為找到同類，<br><br>卻不知只是倒影，最後抑鬱傷逝。,10
160240986438 ,【破邪。重明】(護身紫),deco,2380,https://shoplineimg.com/57602eee61706923b6223c00/5e9ac8ae34f9ab00125280d0/800x.webp?source_format=jpg,重明鳥是中國古代傳說中的神鳥；<br><br>最大的特徵是雙目都有兩顆眼珠，<br><br>因此稱為重明，又叫重睛鳥。<br><br>據說常將羽毛抖落、<br><br>拍著光禿的翅膀在空中飛翔，<br><br>驅趕豺狼虎豹等猛獸，<br><br>因此被民間視為能夠驅邪的吉鳥。,10
1602410997330 ,松林小狐狸掛毯,home,350,https://shoplineimg.com/55d3ecabe37ec6fbbf00003f/5dba81c77d7e10001aebb27c/800x.webp?source_format=jpg,神秘的松林，<br><br>搭配水彩風格的筆觸，<br><br>加上一隻萌萌的小狐狸，<br><br>是不是特別討喜~,30
1602411021338 ,迪士尼-小美人魚 海底悠游掛毯,home,350,https://shoplineimg.com/55d3ecabe37ec6fbbf00003f/5f476a63cbb4fa004ea70df2/800x.webp?source_format=jpg,清新感畫風的小美人魚與賽巴斯汀，<br><br>海洋元素與淡淡的春意配色，<br><br>結合滌綸材質因光線折射的透光感，<br><br>讓掛毯成為家中最美的海洋一景~,30
1602410991328 ,野生動物系列-掛毯,home,350,https://shoplineimg.com/55d3ecabe37ec6fbbf00003f/5d75d8ad4039cf2e6f58fda7/800x.webp?source_format=jpg,真實的動物頭像掛起來，<br><br>是不是超可愛呢~<br><br>有沒有你最愛的動物!<br><br>每天都可以看到，<br><br>真的讓人心情超愉悅呢~~,30
1602411009334 ,英文手寫風-桌布掛毯,home,279,https://shoplineimg.com/55d3ecabe37ec6fbbf00003f/5ea93c79ac4467001c8895a4/800x.webp?source_format=jpg,手寫字體的溫度，<br><br>充滿文藝質感的滿版草寫英文，<br><br>可以當成掛毯來裝飾牆面，<br><br>也可以變身桌巾營造用餐氛圍，<br><br>讓居家風格更加豐富！<br><br>一起營造屬於自己的小天地吧~,30
1602411018337 ,迪士尼-玩具總動員  三眼怪霓虹掛毯,home,279,https://shoplineimg.com/55d3ecabe37ec6fbbf00003f/5f571009c1d2da00423583c4/800x.webp?source_format=jpg,超可愛的三眼怪登場!<br><br>採用奇幻與科技感十足的霓虹螢光色配色，<br><br>結合三眼怪最招牌的OOOOOH口號，<br><br>將它掛在家中，<br><br>絕對是最搶眼的角落~,30
1602410981325 ,唯美系-漸層掛毯,home,420,https://shoplineimg.com/55d3ecabe37ec6fbbf00003f/5b1e1ebf4e22a6da93008a61/800x.webp?source_format=jpg,將絕美景色掛在房裡，<br><br>風景中自然唯美的漸層感，<br><br>房間與心情都一起柔和了起來。,30
1602411000331 ,北歐風景掛毯,home,279,https://shoplineimg.com/55d3ecabe37ec6fbbf00003f/5dce652f684657003622c395/800x.webp?source_format=jpg,唯美的綿連山景，<br><br>璀璨的閃亮亮星空，<br><br>北歐的美景瞬間變成一張張美妙的藝術品。<br><br>彷彿置身在北歐，<br><br>呼吸著專屬北歐的清新空氣。,30
1602411015336 ,波西米亞兩面沙發毯,home,420,https://shoplineimg.com/55d3ecabe37ec6fbbf00003f/5f3f733f28ca020045320ac6/800x.webp?source_format=jpg,沙發看膩想更換，但太花錢了，<br><br>一個沙發毯就能給個全新感受!<br><br>兩面還可以自行變換風格，<br><br>冷的時候還可以拿來蓋著腿哦~,30
1602411003332 ,生活訂製-環遊世界地圖掛毯,home,880,https://shoplineimg.com/55d3ecabe37ec6fbbf00003f/5d086352f22ba00020a3f7a1/800x.webp?source_format=jpg,環遊世界是很多人的夢想，<br><br>只是這個夢想很遠很遠，<br><br>不如在家掛上掛毯吧!<br><br>把想去或去過的地方做上標記，<br><br>一起做著征服世界的夢吧~,30
1602411006333 ,生活訂製-台灣地圖掛毯,home,590,https://shoplineimg.com/55d3ecabe37ec6fbbf00003f/5bee91e6048c4d00154c9888/800x.webp?source_format=jpg,環遊世界地圖掛毯上架後，<br><br>收到好多客人說雖然很想環遊世界，<br><br>但無奈口袋就是不夠深 Q_Q<br><br>這些心聲我們都聽到了~~~<br><br>終於推出了台灣版本的地圖掛毯 (歡呼呼~<br><br>還很貼心的將觀光局的推薦景點標示在地圖上，<br><br>並附上各色的圖釘，<br><br>讓大家可以紀錄旅行的軌跡!,30
1602410987327 ,動物圖鑑-掛毯,home,400,https://shoplineimg.com/55d3ecabe37ec6fbbf00003f/5c10cc38312c61001846d319/800x.webp?source_format=jpg,手繪感的動物圖鑑掛毯，<br><br>讓喜歡動物的你，<br><br>一次擁有好多隻絕種的恐龍、<br><br>溫和善良的鯨魚、<br><br>和可愛的小兔子~,30
1602411012335 ,莫蘭迪色塊掛毯,home,350,https://shoplineimg.com/55d3ecabe37ec6fbbf00003f/5f3e1c108b5070002a85efa9/800x.webp?source_format=jpg,莫蘭迪配色就是百搭!<br><br>搭配有機型與幾何色塊，<br><br>馬上能為房間增添些許文藝的感覺，<br><br>簡單的小物便能成就房間不一樣的風景~,30
1602410994329 ,黑白星球掛毯,home,650,https://shoplineimg.com/55d3ecabe37ec6fbbf00003f/5dce66aea75a92001817838b/800x.webp?source_format=jpg,浩瀚無垠的太空，<br><br>滿足當太空人的冒險慾，<br><br>跟著星球掛毯一起，<br><br>漂浮在無重力的太空裡，<br><br>享受屬於你的冒險篇章。,30
1602410984326 ,梵谷的人生風景-掛毯,home,650,https://shoplineimg.com/55d3ecabe37ec6fbbf00003f/5b5ac99800fdde694100aed6/800x.webp?source_format=jpg,燦爛到極致的夜空，<br><br>時而是星夜的不安躁動，<br><br>時而是羅納河上的星空，<br><br>有著片刻的寧靜悠然。 <br><br>在居家的某個空白處，<br><br>掛上梵谷筆下濃烈的人生風景。,30
1602426309161 ,【六魯】美濃燒粉引馬克杯,cook,550,https://shoplineimg.com/56d925c6e37ec661df000013/5f7981c50fffad00141d49dc/800x.webp?source_format=jpg,直徑: 92mm,
1602426284152 ,【六魯】富士山筷架,cook,149,https://shoplineimg.com/56d925c6e37ec661df000013/58de16c89a76f026ee0006f3/800x.webp?source_format=jpeg,六魯富士山型筷架<br>尺寸: 2cm x 2.5cm x 3.5cm,
1602426303159 ,【六魯】粉引大花盤24cm,cook,920,https://shoplineimg.com/56d925c6e37ec661df000013/5ec35fb23810676641e17c41/800x.webp?source_format=JPG,最受歡迎的六魯花形盤，經典的粉引色是餐桌常備款,
1602426295156 ,【美濃燒-六魯blut's】富士山夫妻碗組,cook,1080,https://shoplineimg.com/56d925c6e37ec661df000013/5ee46a52d3e80a0048ad184b/800x.webp?source_format=jpg,六魯的富士山夫妻碗，青色的比紅色的略大一點，非常適合拿來當作結婚的贈禮!,
1602426312162 ,【美濃燒-六魯blut's】青富士飯糰小盤,cook,499,https://shoplineimg.com/56d925c6e37ec661df000013/5f7c6ece56d56c00232a8f1c/800x.webp?source_format=jpg,來自日本美濃地區的六魯陶器(Bult's)至今已經有100多年的歷史，手工製造呈現的溫潤美感，襯托著料理的美味。,
1602426286153 ,【六魯】松綠削型馬克杯,cook,700,https://shoplineimg.com/56d925c6e37ec661df000013/5f437f6ea04d41004562287b/800x.webp?source_format=jpeg,六魯松綠削型馬克杯，松綠的外觀，加上均勻的窯裂紋，讓馬克杯瞬間吸睛度大增!,
1602426292155 ,【美濃燒-六魯blut's】富士山馬克杯雙色組,cook,1300,https://shoplineimg.com/56d925c6e37ec661df000013/5eec63c35a9a07002dd72074/800x.webp?source_format=jpg,來自日本美濃地區的六魯陶器(Bult's)至今已經有100多年的歷史，手工製造呈現的溫潤美感，襯托著料理的美味。,
1602426306160 ,【美濃燒-六魯blut's】赤富士飯糰小盤,cook,499,https://shoplineimg.com/56d925c6e37ec661df000013/5e6b469c7eddb90039c2805e/800x.webp?source_format=jpg,來自日本美濃地區的六魯陶器(Bult's)至今已經有100多年的歷史，手工製造呈現的溫潤美感，襯托著料理的美味。,
1602426289154 ,【六魯】粉引花形中缽16cm,cook,700,https://shoplineimg.com/56d925c6e37ec661df000013/5de766efce4ffe0039f38c7c/800x.webp?source_format=JPG,六魯花形中缽，適合盛裝一般菜餚，或是生菜沙拉!<br>尺寸: 16.5cm x 5.5cm,
1602426298157 ,【六魯】花型大缽粉引色 21cm,cook,975,https://shoplineimg.com/56d925c6e37ec661df000013/5ee3168958e40c6063044cf3/800x.webp?source_format=jpg,感受器皿的溫潤手感，美味瞬間升級!,
1602426281151 ,【六魯】粉引花形盤21cm,cook,812,https://shoplineimg.com/56d925c6e37ec661df000013/5e4f99d4a4c93b110c4d14e2/800x.webp?source_format=JPG,最受歡迎的六魯花形盤，經典的粉引色是餐桌常備款,
1602426301158 ,【六魯】粉陶大花盤24cm,cook,920,https://shoplineimg.com/56d925c6e37ec661df000013/5e7324bb450f680012de0360/800x.webp?source_format=JPG,主婦們的最愛，六魯終於在2018出了新的顏色，這次的桃粉色相當吸睛，是美麗餐桌不可或缺的好道具,
